Name,Alignment,Gender,EyeColor,Race,HairColor,Publisher,SkinColor,Height,Weight,Abilities,Special Feature
A-Bomb,good,Male,yellow,Human,No Hair,Marvel Comics,-,203.0,441.0,yes,Unknown
Abe Sapien,good,Male,blue,Icthyo Sapien,No Hair,Dark Horse Comics,blue,191.0,65.0,no,Unknown
Abin Sur,good,Male,blue,Ungaran,No Hair,DC Comics,red,185.0,90.0,no,Unknown
Abomination,bad,Male,green,Human / Radiation,No Hair,Marvel Comics,-,203.0,441.0,yes,Unknown
Abraxas,bad,Male,blue,Cosmic Entity,Black,Marvel Comics,-,-99.0,-99.0,no,Unknown
Absorbing Man,bad,Male,blue,Human,No Hair,Marvel Comics,-,193.0,122.0,no,Unknown
Adam Monroe,good,Male,blue,-,Blond,NBC - Heroes,-,-99.0,-99.0,no,Unknown
Adam Strange,good,Male,blue,Human,Blond,DC Comics,-,185.0,88.0,no,Unknown
Agent 13,good,Female,blue,-,Blond,Marvel Comics,-,173.0,61.0,no,Unknown
Agent Bob,good,Male,brown,Human,Brown,Marvel Comics,-,178.0,81.0,no,Unknown
Agent Zero,good,Male,-,-,-,Marvel Comics,-,191.0,104.0,no,Unknown
Air-Walker,bad,Male,blue,-,White,Marvel Comics,-,188.0,108.0,yes,Unknown
Ajax,bad,Male,brown,Cyborg,Black,Marvel Comics,-,193.0,90.0,yes,Unknown
Alan Scott,good,Male,blue,-,Blond,DC Comics,-,180.0,90.0,no,Unknown
Alex Mercer,bad,Male,-,Human,-,Wildstorm,-,-99.0,-99.0,yes,Unknown
Alex Woolsly,good,Male,-,-,-,NBC - Heroes,-,-99.0,-99.0,yes,Unknown
Alfred Pennyworth,good,Male,blue,Human,Black,DC Comics,-,178.0,72.0,yes,Unknown
Alien,bad,Male,-,Xenomorph XX121,No Hair,Dark Horse Comics,black,244.0,169.0,yes,Unknown
Allan Quatermain,good,Male,-,-,-,Wildstorm,-,-99.0,-99.0,yes,Unknown
Amazo,bad,Male,red,Android,-,DC Comics,-,257.0,173.0,no,Unknown
Ammo,bad,Male,brown,Human,Black,Marvel Comics,-,188.0,101.0,yes,Unknown
Ando Masahashi,good,Male,-,-,-,NBC - Heroes,-,-99.0,-99.0,no,Unknown
Angel,good,Male,blue,-,Blond,Marvel Comics,-,183.0,68.0,no,Unknown
Angel,good,Male,-,Vampire,-,Dark Horse Comics,-,-99.0,-99.0,yes,Unknown
Angel Dust,good,Female,yellow,Mutant,Black,Marvel Comics,-,165.0,57.0,yes,Unknown
Angel Salvadore,good,Female,brown,-,Black,Marvel Comics,-,163.0,54.0,no,Unknown
Angela,bad,Female,-,-,-,Image Comics,-,-99.0,-99.0,no,Unknown
Animal Man,good,Male,blue,Human,Blond,DC Comics,-,183.0,83.0,no,Unknown
Annihilus,bad,Male,green,-,No Hair,Marvel Comics,-,180.0,90.0,no,Unknown
Ant-Man,good,Male,blue,Human,Blond,Marvel Comics,-,211.0,122.0,yes,Unknown
Ant-Man II,good,Male,blue,Human,Blond,Marvel Comics,-,183.0,86.0,no,Unknown
Anti-Monitor,bad,Male,yellow,God / Eternal,No Hair,DC Comics,-,61.0,-99.0,yes,Unknown
Anti-Spawn,bad,Male,-,-,-,Image Comics,-,-99.0,-99.0,no,Unknown
Anti-Venom,-,Male,blue,Symbiote,Blond,Marvel Comics,-,229.0,358.0,yes,Unknown
Apocalypse,bad,Male,red,Mutant,Black,Marvel Comics,grey,213.0,135.0,no,Unknown
Aquababy,good,Male,blue,-,Blond,DC Comics,-,-99.0,-99.0,no,Unknown
Aqualad,good,Male,blue,Atlantean,Black,DC Comics,-,178.0,106.0,yes,Unknown
Aquaman,good,Male,blue,Atlantean,Blond,DC Comics,-,185.0,146.0,no,Unknown
Arachne,good,Female,blue,Human,Blond,Marvel Comics,-,175.0,63.0,no,Unknown
Archangel,good,Male,blue,Mutant,Blond,Marvel Comics,blue,183.0,68.0,yes,Unknown
Arclight,bad,Female,violet,-,Purple,Marvel Comics,-,173.0,57.0,yes,Unknown
Ardina,good,Female,white,Alien,Orange,Marvel Comics,gold,193.0,98.0,no,Unknown
Ares,good,Male,brown,-,Brown,Marvel Comics,-,185.0,270.0,yes,Unknown
Ariel,good,Female,purple,-,Pink,Marvel Comics,-,165.0,59.0,no,Unknown
Armor,good,Female,black,-,Black,Marvel Comics,-,163.0,50.0,no,Unknown
Arsenal,good,Male,-,Human,-,DC Comics,-,-99.0,-99.0,no,Unknown
Astro Boy,good,Male,brown,-,Black,,-,-99.0,-99.0,no,Unknown
Atlas,good,Male,brown,Mutant,Red,Marvel Comics,-,183.0,101.0,no,Unknown
Atlas,bad,Male,blue,God / Eternal,Brown,DC Comics,-,198.0,126.0,yes,Unknown
Atom,good,Male,blue,-,Red,DC Comics,-,178.0,68.0,no,Unknown
Atom,good,Male,-,-,-,DC Comics,-,-99.0,-99.0,yes,Unknown
Atom Girl,good,Female,black,-,Black,DC Comics,-,168.0,54.0,no,Unknown
Atom II,good,Male,brown,Human,Auburn,DC Comics,-,183.0,81.0,no,Unknown
Atom III,good,Male,-,-,Red,DC Comics,-,-99.0,-99.0,no,Unknown
Atom IV,good,Male,brown,-,Black,DC Comics,-,-99.0,72.0,no,Unknown
Aurora,good,Female,blue,Mutant,Black,Marvel Comics,-,180.0,63.0,yes,Unknown
Azazel,bad,Male,yellow,Neyaphem,Black,Marvel Comics,red,183.0,67.0,no,Unknown
Azrael,good,Male,brown,Human,Black,DC Comics,-,-99.0,-99.0,yes,Unknown
Aztar,good,Male,-,-,-,DC Comics,-,-99.0,-99.0,yes,Unknown
Bane,bad,Male,-,Human,-,DC Comics,-,203.0,180.0,no,Unknown
Banshee,good,Male,green,Human,Strawberry Blond,Marvel Comics,-,183.0,77.0,no,Unknown
Bantam,good,Male,brown,-,Black,Marvel Comics,-,165.0,54.0,yes,Unknown
Batgirl,good,Female,-,-,-,DC Comics,-,-99.0,-99.0,no,Unknown
Batgirl,good,Female,green,Human,Red,DC Comics,-,170.0,57.0,yes,Unknown
Batgirl III,good,Female,-,-,-,DC Comics,-,-99.0,-99.0,no,Unknown
Batgirl IV,good,Female,green,Human,Black,DC Comics,-,165.0,52.0,yes,Unknown
Batgirl V,good,Female,-,-,-,DC Comics,-,-99.0,-99.0,yes,Unknown
Batgirl VI,good,Female,blue,-,Blond,DC Comics,-,168.0,61.0,yes,Unknown
Batman,good,Male,blue,Human,black,DC Comics,-,188.0,95.0,yes,Unknown
Batman,good,Male,blue,Human,Black,DC Comics,-,178.0,77.0,yes,Unknown
Batman II,good,Male,blue,Human,Black,DC Comics,-,178.0,79.0,no,Unknown
Battlestar,good,Male,brown,-,Black,Marvel Comics,-,198.0,133.0,no,Unknown
Batwoman V,good,Female,green,Human,Red,DC Comics,-,178.0,-99.0,yes,Unknown
Beak,good,Male,black,-,White,Marvel Comics,-,175.0,63.0,yes,Unknown
Beast,good,Male,blue,Mutant,Blue,Marvel Comics,blue,180.0,181.0,yes,Unknown
Beast Boy,good,Male,green,Human,Green,DC Comics,green,173.0,68.0,no,Unknown
Beetle,bad,Male,-,-,-,Marvel Comics,-,-99.0,-99.0,no,Unknown
Ben 10,good,Male,-,-,-,DC Comics,-,-99.0,-99.0,yes,Unknown
Beta Ray Bill,good,Male,-,-,No Hair,Marvel Comics,-,201.0,216.0,no,Unknown
Beyonder,good,Male,-,God / Eternal,-,Marvel Comics,-,-99.0,-99.0,yes,Unknown
Big Barda,bad,Female,blue,New God,Black,DC Comics,-,188.0,135.0,yes,Unknown
Big Daddy,good,Male,-,-,-,Icon Comics,-,-99.0,-99.0,no,Unknown
Big Man,bad,Male,blue,-,Brown,Marvel Comics,-,165.0,71.0,yes,Unknown
Bill Harken,good,Male,-,Alpha,-,SyFy,-,-99.0,-99.0,no,Unknown
Billy Kincaid,bad,Male,-,-,-,Image Comics,-,-99.0,-99.0,no,Unknown
Binary,good,Female,blue,-,Blond,Marvel Comics,-,180.0,54.0,no,Unknown
Bionic Woman,good,Female,blue,Cyborg,Black,,-,-99.0,-99.0,no,Unknown
Bird-Brain,good,-,-,-,-,Marvel Comics,-,-99.0,-99.0,no,Unknown
Bird-Man,bad,Male,-,Human,-,Marvel Comics,-,-99.0,-99.0,no,Unknown
Bird-Man II,bad,Male,-,Human,-,Marvel Comics,-,-99.0,-99.0,yes,Unknown
Birdman,good,Male,-,God / Eternal,-,Hanna-Barbera,-,-99.0,-99.0,no,Unknown
Bishop,good,Male,brown,Mutant,No Hair,Marvel Comics,-,198.0,124.0,no,Unknown
Bizarro,neutral,Male,black,Bizarro,Black,DC Comics,white,191.0,155.0,yes,Unknown
Black Abbott,bad,Male,red,-,Black,Marvel Comics,-,-99.0,-99.0,yes,Unknown
Black Adam,bad,Male,brown,-,Black,DC Comics,-,191.0,113.0,no,Unknown
Black Bolt,good,Male,blue,Inhuman,Black,Marvel Comics,-,188.0,95.0,yes,Unknown
Black Canary,good,Female,blue,Human,Blond,DC Comics,-,165.0,58.0,yes,Unknown
Black Canary,good,Female,blue,Metahuman,Blond,DC Comics,-,170.0,59.0,no,Unknown
Black Cat,good,Female,green,Human,Blond,Marvel Comics,-,178.0,54.0,no,Unknown
Black Flash,neutral,Male,-,God / Eternal,-,DC Comics,-,-99.0,-99.0,yes,Unknown
Black Goliath,good,Male,-,-,-,Marvel Comics,-,-99.0,-99.0,no,Unknown
Black Knight III,good,Male,brown,Human,Brown,Marvel Comics,-,183.0,86.0,yes,Unknown
Black Lightning,good,Male,brown,-,No Hair,DC Comics,-,185.0,90.0,yes,Unknown
Black Mamba,bad,Female,green,-,Black,Marvel Comics,-,170.0,52.0,no,Unknown
Black Manta,bad,Male,black,Human,No Hair,DC Comics,-,188.0,92.0,yes,Unknown
Black Panther,good,Male,brown,Human,Black,Marvel Comics,-,183.0,90.0,yes,Unknown
Black Widow,good,Female,green,Human,Auburn,Marvel Comics,-,170.0,59.0,yes,Unknown
Black Widow II,good,Female,blue,-,Blond,Marvel Comics,-,170.0,61.0,no,Unknown
Blackout,bad,Male,red,Demon,White,Marvel Comics,white,191.0,104.0,no,Unknown
Blackwing,bad,Male,blue,-,Black,Marvel Comics,-,185.0,86.0,yes,Unknown
Blackwulf,-,Male,red,Alien,White,Marvel Comics,-,188.0,88.0,no,Unknown
Blade,good,Male,brown,Vampire,Black,Marvel Comics,-,188.0,97.0,yes,Unknown
Blaquesmith,good,-,black,-,No Hair,Marvel Comics,-,-99.0,-99.0,yes,Unknown
Bling!,good,Female,-,-,-,Marvel Comics,-,168.0,68.0,yes,Unknown
Blink,good,Female,green,Mutant,Magenta,Marvel Comics,pink,165.0,56.0,yes,Unknown
Blizzard,bad,Male,-,-,-,Marvel Comics,-,-99.0,-99.0,yes,Unknown
Blizzard,bad,Male,-,-,Brown,Marvel Comics,-,-99.0,-99.0,no,Unknown
Blizzard II,bad,Male,brown,-,Brown,Marvel Comics,-,175.0,77.0,yes,Unknown
Blob,bad,Male,brown,-,Brown,Marvel Comics,-,178.0,230.0,no,Unknown
Bloodaxe,bad,Female,blue,Human,Brown,Marvel Comics,-,218.0,495.0,yes,Unknown
Bloodhawk,good,Male,black,Mutant,No Hair,Marvel Comics,-,-99.0,-99.0,no,Unknown
Bloodwraith,bad,Male,white,-,No Hair,Marvel Comics,-,30.5,-99.0,no,Unknown
Blue Beetle,good,Male,blue,-,Brown,DC Comics,-,-99.0,-99.0,no,Unknown
Blue Beetle,good,Male,-,-,-,DC Comics,-,-99.0,-99.0,no,Unknown
Blue Beetle II,good,Male,blue,-,Brown,DC Comics,-,183.0,86.0,no,Unknown
Blue Beetle III,good,Male,brown,Human,Black,DC Comics,-,-99.0,-99.0,yes,Unknown
Boba Fett,bad,Male,brown,Human / Clone,Black,George Lucas,-,183.0,-99.0,no,Unknown
Bolt,good,Male,-,-,-,Marvel Comics,-,-99.0,-99.0,no,Unknown
Bomb Queen,bad,Female,-,-,-,Image Comics,-,-99.0,-99.0,no,Unknown
Boom-Boom,good,Female,blue,Mutant,Blond,Marvel Comics,-,165.0,55.0,no,Unknown
Boomer,good,Female,-,-,-,Marvel Comics,-,-99.0,-99.0,yes,Unknown
Booster Gold,good,Male,blue,Human,Blond,DC Comics,-,196.0,97.0,no,Unknown
Box,good,Male,-,-,-,Marvel Comics,-,-99.0,-99.0,no,Unknown
Box III,good,-,blue,-,Blond,Marvel Comics,-,193.0,110.0,yes,Unknown
Box IV,good,-,brown,-,Brown / Black,Marvel Comics,-,-99.0,-99.0,yes,Unknown
Brainiac,bad,Male,green,Android,No Hair,DC Comics,green,198.0,135.0,no,Unknown
Brainiac 5,good,Male,green,-,Blond,DC Comics,-,170.0,61.0,yes,Unknown
Brother Voodoo,good,Male,brown,Human,Brown / White,Marvel Comics,-,183.0,99.0,yes,Unknown
Brundlefly,-,Male,-,Mutant,-,,-,193.0,-99.0,yes,Unknown
Buffy,good,Female,green,Human,Blond,Dark Horse Comics,-,157.0,52.0,yes,Unknown
Bullseye,bad,Male,blue,Human,blond,Marvel Comics,-,183.0,90.0,no,Unknown
Bumblebee,good,Female,brown,Human,Black,DC Comics,-,170.0,59.0,no,Unknown
Bumbleboy,good,Male,-,-,-,Marvel Comics,-,-99.0,-99.0,yes,Unknown
Bushido,good,Male,-,Human,-,DC Comics,-,-99.0,-99.0,yes,Unknown
Cable,good,Male,blue,Mutant,White,Marvel Comics,-,203.0,158.0,no,Unknown
Callisto,bad,Female,blue,-,Black,Marvel Comics,-,175.0,74.0,yes,Unknown
Cameron Hicks,good,Male,-,Alpha,-,SyFy,-,-99.0,-99.0,no,Unknown
Cannonball,good,Male,blue,-,Blond,Marvel Comics,-,183.0,81.0,no,Unknown
Captain America,good,Male,blue,Human,blond,Marvel Comics,-,188.0,108.0,no,Unknown
Captain Atom,good,Male,blue,Human / Radiation,Silver,DC Comics,silver,193.0,90.0,no,Unknown
Captain Britain,good,Male,blue,Human,Blond,Marvel Comics,-,198.0,116.0,yes,Unknown
Captain Cold,neutral,Male,brown,Human,Brown,DC Comics,-,-99.0,-99.0,yes,Unknown
Captain Epic,good,Male,blue,-,Brown,Team Epic TV,-,188.0,-99.0,yes,Unknown
Captain Hindsight,good,Male,-,Human,Black,South Park,-,-99.0,-99.0,no,Unknown
Captain Mar-vell,good,Male,blue,-,Blond,Marvel Comics,-,188.0,108.0,yes,Unknown
Captain Marvel,good,Female,blue,Human-Kree,Blond,Marvel Comics,-,180.0,74.0,no,Unknown
Captain Marvel,good,Male,blue,Human,Black,DC Comics,-,193.0,101.0,no,Unknown
Captain Marvel II,good,Male,blue,Human,Black,DC Comics,-,175.0,74.0,no,Unknown
Captain Midnight,good,Male,-,Human,-,Dark Horse Comics,-,-99.0,-99.0,yes,Unknown
Captain Planet,good,Male,red,God / Eternal,Green,Marvel Comics,-,-99.0,-99.0,no,Unknown
Captain Universe,good,-,-,God / Eternal,-,Marvel Comics,-,-99.0,-99.0,yes,Unknown
Carnage,bad,Male,green,Symbiote,Red,Marvel Comics,-,185.0,86.0,yes,Unknown
Cat,good,Female,blue,-,Blond,Marvel Comics,-,173.0,61.0,no,Unknown
Cat II,good,Female,-,-,-,Marvel Comics,-,-99.0,-99.0,yes,Unknown
Catwoman,good,Female,green,Human,Black,DC Comics,-,175.0,61.0,no,Unknown
Cecilia Reyes,good,-,brown,-,Brown,Marvel Comics,-,170.0,62.0,no,Unknown
Century,good,Male,white,Alien,White,Marvel Comics,grey,201.0,97.0,yes,Unknown
Cerebra,good,Female,-,Mutant,-,Marvel Comics,-,-99.0,-99.0,yes,Unknown
Chamber,good,Male,brown,Mutant,Brown,Marvel Comics,-,175.0,63.0,no,Unknown
Chameleon,bad,Male,-,-,-,DC Comics,-,-99.0,-99.0,yes,Unknown
Changeling,bad,Male,brown,-,Black,Marvel Comics,-,180.0,81.0,no,Unknown
Cheetah,bad,Female,green,Human,Blond,DC Comics,-,163.0,50.0,yes,Unknown
Cheetah II,bad,Female,green,Human,Brown,DC Comics,-,170.0,55.0,no,Unknown
Cheetah III,bad,Female,brown,Human,Brown,DC Comics,-,175.0,54.0,yes,Unknown
Chromos,bad,Male,brown,-,Red / Grey,Team Epic TV,-,185.0,86.0,no,Unknown
Chuck Norris,good,Male,-,-,-,,-,178.0,-99.0,yes,Unknown
Citizen Steel,good,Male,green,Human,Red,DC Comics,-,183.0,170.0,no,Unknown
Claire Bennet,good,Female,blue,-,Blond,NBC - Heroes,-,-99.0,-99.0,yes,Unknown
Clea,good,-,-,-,White,Marvel Comics,-,-99.0,-99.0,yes,Unknown
Cloak,good,Male,brown,-,black,Marvel Comics,-,226.0,70.0,yes,Unknown
Clock King,bad,Male,blue,Human,Black,DC Comics,-,178.0,78.0,no,Unknown
Cogliostro,bad,Male,-,-,-,Image Comics,-,-99.0,-99.0,yes,Unknown
Colin Wagner,good,Male,grey,-,Brown,HarperCollins,-,-99.0,-99.0,no,Unknown
Colossal Boy,good,Male,-,-,-,DC Comics,-,-99.0,-99.0,yes,Unknown
Colossus,good,Male,silver,Mutant,Black,Marvel Comics,-,226.0,225.0,no,Unknown
Copycat,neutral,Female,red,Mutant,White,Marvel Comics,blue,183.0,67.0,yes,Unknown
Corsair,good,Male,brown,-,Brown,Marvel Comics,-,191.0,79.0,yes,Unknown
Cottonmouth,bad,Male,brown,Human,Black,Marvel Comics,-,183.0,99.0,yes,Unknown
Crimson Crusader,good,Male,blue,-,Strawberry Blond,Marvel Comics,-,-99.0,-99.0,yes,Unknown
Crimson Dynamo,good,Male,brown,-,No Hair,Marvel Comics,-,180.0,104.0,yes,Unknown
Crystal,good,Female,green,Inhuman,Red,Marvel Comics,-,168.0,50.0,no,Unknown
Curse,bad,Male,-,-,-,Image Comics,-,-99.0,-99.0,yes,Unknown
Cy-Gor,bad,Male,-,-,-,Image Comics,-,-99.0,-99.0,yes,Unknown
Cyborg,good,Male,brown,Cyborg,Black,DC Comics,-,198.0,173.0,no,Unknown
Cyborg Superman,bad,Male,blue,Cyborg,Black,DC Comics,-,-99.0,-99.0,yes,Unknown
Cyclops,good,Male,brown,Mutant,Brown,Marvel Comics,-,191.0,88.0,yes,Unknown
Cypher,good,-,blue,-,Blond,Marvel Comics,-,175.0,68.0,yes,Unknown
Dagger,good,Female,blue,-,Blond,Marvel Comics,-,165.0,52.0,no,Unknown
Danny Cooper,good,Male,brown,-,Blond,HarperCollins,-,-99.0,-99.0,yes,Unknown
Daphne Powell,good,Female,-,-,-,ABC Studios,-,-99.0,-99.0,yes,Unknown
Daredevil,good,Male,blue,Human,Red,Marvel Comics,-,183.0,90.0,no,Unknown
Darkhawk,good,Male,brown,Human,Brown,Marvel Comics,-,185.0,81.0,yes,Unknown
Darkman,good,Male,-,-,-,Universal Studios,-,-99.0,-99.0,no,Unknown
Darkseid,bad,Male,red,New God,No Hair,DC Comics,grey,267.0,817.0,yes,Unknown
Darkside,bad,-,-,-,-,,-,-99.0,-99.0,yes,Unknown
Darkstar,good,Female,brown,Mutant,Blond,Marvel Comics,-,168.0,56.0,no,Unknown
Darth Maul,bad,Male,yellow / red,Dathomirian Zabrak,-,George Lucas,red / black,170.0,-99.0,no,Unknown
Darth Vader,bad,Male,yellow,Cyborg,No Hair,George Lucas,-,198.0,135.0,yes,Unknown
Dash,good,Male,blue,Human,Blond,Dark Horse Comics,-,122.0,27.0,yes,Unknown
Data,good,Male,yellow,Android,Brown,Star Trek,-,-99.0,-99.0,yes,Unknown
Dazzler,good,Female,blue,Mutant,Blond,Marvel Comics,-,173.0,52.0,no,Unknown
Deadman,good,Male,blue,Human,Black,DC Comics,-,183.0,90.0,no,Unknown
Deadpool,neutral,Male,brown,Mutant,No Hair,Marvel Comics,-,188.0,95.0,yes,Unknown
Deadshot,bad,Male,brown,Human,Brown,DC Comics,-,185.0,91.0,yes,Unknown
Deathlok,good,Male,brown,Cyborg,Grey,Marvel Comics,-,193.0,178.0,yes,Unknown
Deathstroke,neutral,Male,blue,Human,White,DC Comics,-,193.0,101.0,yes,Unknown
Demogoblin,bad,Male,red,Demon,No Hair,Marvel Comics,-,185.0,95.0,yes,Unknown
Destroyer,bad,Male,-,-,-,Marvel Comics,-,188.0,383.0,no,Unknown
Diamondback,bad,Male,brown,Human,Black,Marvel Comics,-,193.0,90.0,yes,Unknown
DL Hawkins,good,Male,-,-,-,NBC - Heroes,-,-99.0,-99.0,no,Unknown
Doc Samson,good,Male,blue,Human / Radiation,Green,Marvel Comics,-,198.0,171.0,yes,Unknown
Doctor Doom,bad,Male,brown,Human,Brown,Marvel Comics,-,201.0,187.0,yes,Unknown
Doctor Doom II,bad,Male,brown,-,Brown,Marvel Comics,-,201.0,132.0,yes,Unknown
Doctor Fate,good,Male,blue,Human,Blond,DC Comics,-,188.0,89.0,no,Unknown
Doctor Octopus,bad,Male,brown,Human,Brown,Marvel Comics,-,175.0,110.0,no,Unknown
Doctor Strange,good,Male,grey,Human,Black,Marvel Comics,-,188.0,81.0,no,Unknown
Domino,good,Female,blue,Human,Black,Marvel Comics,white,173.0,54.0,yes,Unknown
Donatello,good,Male,green,Mutant,No Hair,IDW Publishing,green,-99.0,-99.0,yes,Unknown
Donna Troy,good,Female,blue,Amazon,Black,DC Comics,-,175.0,63.0,no,Unknown
Doomsday,bad,Male,red,Alien,White,DC Comics,-,244.0,412.0,no,Unknown
Doppelganger,bad,Male,white,-,No Hair,Marvel Comics,-,196.0,104.0,no,Unknown
Dormammu,bad,Male,yellow,-,No Hair,Marvel Comics,-,185.0,-99.0,no,Unknown
Dr Manhattan,good,Male,white,Human / Cosmic,No Hair,DC Comics,blue,-99.0,-99.0,yes,Unknown
Drax the Destroyer,good,Male,red,Human / Altered,No Hair,Marvel Comics,green,193.0,306.0,yes,Unknown
Ego,bad,-,-,-,-,Marvel Comics,-,-99.0,-99.0,yes,Unknown
Elastigirl,good,Female,brown,Human,Brown,Dark Horse Comics,-,168.0,56.0,no,Unknown
Electro,bad,Male,blue,Human,Auburn,Marvel Comics,-,180.0,74.0,no,Unknown
Elektra,good,Female,blue,Human,Black,Marvel Comics,-,175.0,59.0,yes,Unknown
Elle Bishop,bad,Female,blue,-,Blond,NBC - Heroes,-,-99.0,-99.0,no,Unknown
Elongated Man,good,Male,blue,-,Red,DC Comics,-,185.0,80.0,yes,Unknown
Emma Frost,good,Female,blue,-,Blond,Marvel Comics,-,178.0,65.0,yes,Unknown
Enchantress,good,Female,blue,Human,Blond,DC Comics,-,168.0,57.0,no,Unknown
Energy,good,Female,-,-,-,HarperCollins,-,-99.0,-99.0,yes,Unknown
ERG-1,good,Male,-,-,-,DC Comics,-,-99.0,-99.0,no,Unknown
Ethan Hunt,good,Male,brown,Human,Brown,,-,168.0,-99.0,no,Unknown
Etrigan,neutral,Male,red,Demon,No Hair,DC Comics,yellow,193.0,203.0,no,Unknown
Evil Deadpool,bad,Male,white,Mutant,Red,Marvel Comics,-,188.0,95.0,no,Unknown
Evilhawk,bad,Male,red,Alien,Black,Marvel Comics,green,191.0,106.0,yes,Unknown
Exodus,bad,Male,blue,Mutant,Black,Marvel Comics,red,183.0,88.0,yes,Unknown
Fabian Cortez,bad,-,blue,-,Brown,Marvel Comics,-,196.0,96.0,yes,Unknown
Falcon,good,Male,brown,Human,Black,Marvel Comics,-,188.0,108.0,no,Unknown
Fallen One II,bad,Male,black,-,Blue,Marvel Comics,-,-99.0,-99.0,no,Unknown
Faora,bad,Female,-,Kryptonian,-,DC Comics,-,-99.0,-99.0,no,Unknown
Feral,good,-,yellow (without irises),-,Orange / White,Marvel Comics,-,175.0,50.0,yes,Unknown
Fighting Spirit,good,Female,-,-,Red,DC Comics,-,-99.0,-99.0,no,Unknown
Fin Fang Foom,good,Male,red,Kakarantharaian,No Hair,Marvel Comics,green,975.0,18.0,no,Unknown
Firebird,good,Female,brown,-,Black,Marvel Comics,-,165.0,56.0,no,Unknown
Firelord,good,-,white,-,Yellow,Marvel Comics,-,193.0,99.0,no,Unknown
Firestar,good,Female,green,Mutant,Red,Marvel Comics,-,173.0,56.0,yes,Unknown
Firestorm,good,Male,brown,-,Black,DC Comics,-,-99.0,-99.0,yes,Unknown
Firestorm,good,Male,blue,Human,Auburn,DC Comics,-,188.0,91.0,no,Unknown
Fixer,bad,-,red,-,No Hair,Marvel Comics,-,-99.0,-99.0,no,Unknown
Flash,good,Male,blue,Human,Brown / White,DC Comics,-,180.0,81.0,yes,Unknown
Flash Gordon,good,Male,-,-,-,,-,-99.0,-99.0,yes,Unknown
Flash II,good,Male,blue,Human,Blond,DC Comics,-,183.0,88.0,yes,Unknown
Flash III,good,Male,-,Human,-,DC Comics,-,183.0,86.0,no,Unknown
Flash IV,good,Male,yellow,Human,Auburn,DC Comics,-,157.0,52.0,no,Unknown
Forge,good,-,brown,-,Black,Marvel Comics,-,183.0,81.0,yes,Unknown
Franklin Richards,good,Male,blue,Mutant,Blond,Marvel Comics,-,142.0,45.0,no,Unknown
Franklin Storm,good,-,blue,-,Grey,Marvel Comics,-,188.0,92.0,no,Unknown
Frenzy,bad,Female,brown,-,Black,Marvel Comics,-,211.0,104.0,no,Unknown
Frigga,good,Female,blue,-,White,Marvel Comics,-,180.0,167.0,no,Unknown
Galactus,neutral,Male,black,Cosmic Entity,Black,Marvel Comics,-,876.0,16.0,no,Unknown
Gambit,good,Male,red,Mutant,Brown,Marvel Comics,-,185.0,81.0,yes,Unknown
Gamora,good,Female,yellow,Zen-Whoberian,Black,Marvel Comics,green,183.0,77.0,yes,Unknown
Garbage Man,good,Male,-,Mutant,-,DC Comics,-,-99.0,-99.0,yes,Unknown
Gary Bell,good,Male,-,Alpha,-,SyFy,-,-99.0,-99.0,no,Unknown
General Zod,bad,Male,black,Kryptonian,Black,DC Comics,-,-99.0,-99.0,yes,Unknown
Genesis,good,Male,blue,-,Blond,Marvel Comics,-,185.0,86.0,no,Unknown
Ghost Rider,good,Male,red,Demon,No Hair,Marvel Comics,-,188.0,99.0,yes,Unknown
Ghost Rider II,good,-,-,-,-,Marvel Comics,-,-99.0,-99.0,no,Unknown
Giant-Man,good,Male,-,Human,-,Marvel Comics,-,-99.0,-99.0,no,Unknown
Giant-Man II,good,Male,-,-,-,Marvel Comics,-,-99.0,-99.0,yes,Unknown
Giganta,bad,Female,green,-,Red,DC Comics,-,62.5,630.0,yes,Unknown
Gladiator,neutral,Male,blue,Strontian,Blue,Marvel Comics,purple,198.0,268.0,yes,Unknown
Goblin Queen,bad,Female,green,-,Red,Marvel Comics,-,168.0,50.0,no,Unknown
Godzilla,bad,-,-,Kaiju,-,,grey,108.0,,yes,Unknown
Gog,bad,Male,-,-,-,DC Comics,-,-99.0,-99.0,yes,Unknown
Goku,good,Male,-,Saiyan,-,Shueisha,-,175.0,62.0,no,Unknown
Goliath,good,Male,-,-,-,Marvel Comics,-,-99.0,-99.0,no,Unknown
Goliath,good,Male,-,Human,-,Marvel Comics,-,-99.0,-99.0,no,Unknown
Goliath,good,Male,-,Human,-,Marvel Comics,-,-99.0,-99.0,no,Unknown
Goliath IV,good,Male,brown,-,Black,Marvel Comics,-,183.0,90.0,yes,Unknown
Gorilla Grodd,bad,Male,yellow,Gorilla,Black,DC Comics,-,198.0,270.0,no,Unknown
Granny Goodness,bad,Female,blue,-,White,DC Comics,-,178.0,115.0,yes,Unknown
Gravity,good,Male,blue,Human,Brown,Marvel Comics,-,178.0,79.0,yes,Unknown
Greedo,bad,Male,purple,Rodian,-,George Lucas,green,170.0,-99.0,yes,Unknown
Green Arrow,good,Male,green,Human,Blond,DC Comics,-,188.0,88.0,yes,Unknown
Green Goblin,bad,Male,blue,Human,Auburn,Marvel Comics,-,180.0,83.0,no,Unknown
Green Goblin II,bad,Male,blue,-,Auburn,Marvel Comics,-,178.0,77.0,no,Unknown
Green Goblin III,good,Male,-,-,-,Marvel Comics,-,183.0,88.0,no,Unknown
Green Goblin IV,good,Male,green,-,Brown,Marvel Comics,-,178.0,79.0,yes,Unknown
Groot,good,Male,yellow,Flora Colossus,-,Marvel Comics,-,701.0,4.0,no,Unknown
Guardian,good,Male,brown,Human,Black,Marvel Comics,-,-99.0,-99.0,yes,Unknown
Guy Gardner,good,Male,blue,Human-Vuldarian,Red,DC Comics,-,188.0,95.0,yes,Unknown
Hal Jordan,good,Male,brown,Human,Brown,DC Comics,-,188.0,90.0,no,Unknown
Han Solo,good,Male,brown,Human,Brown,George Lucas,-,183.0,79.0,no,Unknown
Hancock,good,Male,brown,Human,Black,Sony Pictures,-,188.0,-99.0,no,Unknown
Harley Quinn,bad,Female,blue,Human,Blond,DC Comics,-,170.0,63.0,no,Unknown
Harry Potter,good,Male,green,Human,Black,J. K. Rowling,-,-99.0,-99.0,no,Unknown
Havok,good,Male,blue,Mutant,Blond,Marvel Comics,-,183.0,79.0,no,Unknown
Hawk,good,Male,red,-,Brown,DC Comics,-,185.0,89.0,yes,Unknown
Hawkeye,good,Male,blue,Human,Blond,Marvel Comics,-,191.0,104.0,yes,Unknown
Hawkeye II,good,Female,blue,Human,Black,Marvel Comics,-,165.0,57.0,no,Unknown
Hawkgirl,good,Female,green,-,Red,DC Comics,-,175.0,61.0,no,Unknown
Hawkman,good,Male,blue,-,Brown,DC Comics,-,185.0,88.0,no,Unknown
Hawkwoman,good,Female,green,-,Red,DC Comics,-,175.0,54.0,no,Unknown
Hawkwoman II,good,Female,-,-,-,DC Comics,-,-99.0,-99.0,no,Unknown
Hawkwoman III,good,Female,blue,-,Red,DC Comics,-,170.0,65.0,no,Unknown
Heat Wave,bad,Male,blue,Human,No Hair,DC Comics,-,180.0,81.0,no,Unknown
Hela,bad,Female,green,Asgardian,Black,Marvel Comics,-,213.0,225.0,no,Unknown
Hellboy,good,Male,gold,Demon,Black,Dark Horse Comics,-,259.0,158.0,no,Unknown
Hellcat,good,Female,blue,Human,Red,Marvel Comics,-,173.0,61.0,no,Unknown
Hellstorm,good,Male,red,-,Red,Marvel Comics,-,185.0,81.0,yes,Unknown
Hercules,good,Male,blue,Demi-God,Brown,Marvel Comics,-,196.0,146.0,yes,Unknown
Hiro Nakamura,good,Male,-,-,-,NBC - Heroes,-,-99.0,-99.0,yes,Unknown
Hit-Girl,good,Female,-,Human,-,Icon Comics,-,-99.0,-99.0,yes,Unknown
Hobgoblin,bad,Male,blue,-,Grey,Marvel Comics,-,180.0,83.0,no,Unknown
Hollow,good,Female,blue,-,Red,Marvel Comics,-,170.0,-99.0,no,Unknown
Hope Summers,good,Female,green,-,Red,Marvel Comics,-,168.0,48.0,no,Unknown
Howard the Duck,good,Male,brown,-,Yellow,Marvel Comics,-,79.0,18.0,yes,Unknown
Hulk,good,Male,green,Human / Radiation,Green,Marvel Comics,green,244.0,630.0,no,Unknown
Human Torch,good,Male,blue,Human / Radiation,Blond,Marvel Comics,-,178.0,77.0,no,Unknown
Huntress,good,Female,blue,-,Black,DC Comics,-,180.0,59.0,no,Unknown
Husk,good,Female,blue,Mutant,Blond,Marvel Comics,-,170.0,58.0,no,Unknown
Hybrid,good,Male,brown,Symbiote,Black,Marvel Comics,-,175.0,77.0,no,Unknown
Hydro-Man,bad,Male,brown,-,Brown,Marvel Comics,-,188.0,119.0,no,Unknown
Hyperion,good,Male,blue,Eternal,Red,Marvel Comics,-,183.0,207.0,no,Unknown
Iceman,good,Male,brown,Mutant,Brown,Marvel Comics,-,173.0,65.0,yes,Unknown
Impulse,good,Male,yellow,Human,Auburn,DC Comics,-,170.0,65.0,yes,Unknown
Indiana Jones,good,Male,-,Human,-,George Lucas,-,183.0,79.0,yes,Unknown
Indigo,neutral,Female,-,Alien,Purple,DC Comics,-,-99.0,-99.0,yes,Unknown
Ink,good,Male,blue,Mutant,No Hair,Marvel Comics,-,180.0,81.0,no,Unknown
Invisible Woman,good,Female,blue,Human / Radiation,Blond,Marvel Comics,-,168.0,54.0,no,Unknown
Iron Fist,good,Male,blue,Human,Blond,Marvel Comics,-,180.0,79.0,yes,Unknown
Iron Man,good,Male,blue,Human,Black,Marvel Comics,-,198.0,191.0,no,Unknown
Iron Monger,bad,Male,blue,-,No Hair,Marvel Comics,-,-99.0,2.0,yes,Unknown
Isis,good,Female,-,-,-,DC Comics,-,-99.0,-99.0,yes,Unknown
Jack Bauer,good,Male,-,-,-,,-,-99.0,-99.0,no,Unknown
Jack of Hearts,good,Male,blue / white,Human,Brown,Marvel Comics,-,155.0,79.0,yes,Unknown
Jack-Jack,good,Male,blue,Human,Brown,Dark Horse Comics,-,71.0,14.0,no,Unknown
James Bond,good,Male,blue,Human,Blond,Titan Books,-,183.0,-99.0,yes,Unknown
James T. Kirk,good,Male,hazel,Human,Brown,Star Trek,-,178.0,77.0,no,Unknown
Jar Jar Binks,good,Male,yellow,Gungan,-,George Lucas,orange / white,193.0,-99.0,yes,Unknown
Jason Bourne,good,Male,-,Human,-,,-,-99.0,-99.0,yes,Unknown
Jean Grey,good,Female,green,Mutant,Red,Marvel Comics,-,168.0,52.0,yes,Unknown
Jean-Luc Picard,good,Male,-,Human,-,Star Trek,-,-99.0,-99.0,yes,Unknown
Jennifer Kale,good,Female,blue,-,Blond,Marvel Comics,-,168.0,55.0,no,Unknown
Jesse Quick,good,Female,-,Human,-,DC Comics,-,-99.0,-99.0,no,Unknown
Jessica Cruz,good,Female,green,Human,Brown,DC Comics,-,-99.0,-99.0,no,Unknown
Jessica Jones,good,Female,brown,Human,Brown,Marvel Comics,-,170.0,56.0,yes,Unknown
Jessica Sanders,good,Female,-,-,-,NBC - Heroes,-,-99.0,-99.0,no,Unknown
Jigsaw,bad,Male,blue,-,Black,Marvel Comics,-,188.0,113.0,yes,Unknown
Jim Powell,good,Male,-,-,-,ABC Studios,-,-99.0,-99.0,no,Unknown
JJ Powell,good,Male,-,-,-,ABC Studios,-,-99.0,-99.0,yes,Unknown
Johann Krauss,good,Male,-,-,-,Dark Horse Comics,-,-99.0,-99.0,yes,Unknown
John Constantine,good,Male,blue,Human,Blond,DC Comics,-,183.0,-99.0,yes,Unknown
John Stewart,good,Male,green,Human,Black,DC Comics,-,185.0,90.0,yes,Unknown
John Wraith,good,Male,brown,-,Black,Marvel Comics,-,183.0,88.0,no,Unknown
Joker,bad,Male,green,Human,Green,DC Comics,white,196.0,86.0,no,Unknown
Jolt,good,Female,blue,-,Black,Marvel Comics,-,165.0,49.0,no,Unknown
Jubilee,good,Female,red,Mutant,Black,Marvel Comics,-,165.0,52.0,yes,Unknown
Judge Dredd,good,Male,-,Human,-,Rebellion,-,188.0,-99.0,no,Unknown
Juggernaut,neutral,Male,blue,Human,Red,Marvel Comics,-,287.0,855.0,yes,Unknown
Junkpile,bad,Male,-,Mutant,-,Marvel Comics,-,-99.0,-99.0,yes,Unknown
Justice,good,Male,hazel,Human,Brown,Marvel Comics,-,178.0,81.0,no,Unknown
Jyn Erso,good,Female,green,Human,Brown,George Lucas,-,-99.0,-99.0,no,Unknown
K-2SO,good,Male,white,Android,No Hair,George Lucas,gray,213.0,-99.0,no,Unknown
Kang,bad,Male,brown,-,Brown,Marvel Comics,-,191.0,104.0,yes,Unknown
Karate Kid,good,Male,brown,Human,Brown,DC Comics,-,173.0,72.0,no,Unknown
Kathryn Janeway,good,Female,-,Human,-,Star Trek,-,-99.0,-99.0,no,Unknown
Katniss Everdeen,good,Female,-,Human,-,,-,-99.0,-99.0,yes,Unknown
Kevin 11,good,Male,-,Human,Black,DC Comics,-,-99.0,-99.0,no,Unknown
Kick-Ass,good,Male,blue,Human,Blond,Icon Comics,-,-99.0,-99.0,yes,Unknown
Kid Flash,good,Male,green,Human,Red,DC Comics,-,-99.0,-99.0,no,Unknown
Kid Flash II,good,Male,-,-,-,DC Comics,-,-99.0,-99.0,no,Unknown
Killer Croc,bad,Male,red,Metahuman,No Hair,DC Comics,green,244.0,356.0,yes,Unknown
Killer Frost,bad,Female,blue,Human,Blond,DC Comics,blue,-99.0,-99.0,yes,Unknown
Kilowog,good,Male,red,Bolovaxian,No Hair,DC Comics,pink,234.0,324.0,no,Unknown
King Kong,good,Male,yellow,Animal,Black,,-,30.5,,no,Unknown
King Shark,bad,Male,black,Animal,No Hair,DC Comics,-,-99.0,-99.0,yes,Unknown
Kingpin,bad,Male,blue,Human,No Hair,Marvel Comics,-,201.0,203.0,no,Unknown
Klaw,bad,Male,red,Human,No Hair,Marvel Comics,red,188.0,97.0,no,Unknown
Kool-Aid Man,good,Male,black,-,No Hair,,red,-99.0,-99.0,no,Unknown
Kraven II,bad,Male,brown,Human,Black,Marvel Comics,-,191.0,99.0,no,Unknown
Kraven the Hunter,bad,Male,brown,Human,Black,Marvel Comics,-,183.0,106.0,no,Unknown
Krypto,good,Male,blue,Kryptonian,White,DC Comics,-,64.0,18.0,no,Unknown
Kyle Rayner,good,Male,green,Human,Black,DC Comics,-,180.0,79.0,yes,Unknown
Kylo Ren,bad,Male,-,Human,-,George Lucas,-,-99.0,-99.0,yes,Unknown
Lady Bullseye,bad,Female,-,-,Black,Marvel Comics,-,-99.0,-99.0,no,Unknown
Lady Deathstrike,bad,Female,brown,Cyborg,Black,Marvel Comics,-,175.0,58.0,yes,Unknown
Leader,bad,Male,green,-,No Hair,Marvel Comics,-,178.0,63.0,no,Unknown
Leech,good,Male,-,-,-,Marvel Comics,-,-99.0,-99.0,yes,Unknown
Legion,good,Male,green / blue,Mutant,Black,Marvel Comics,-,175.0,59.0,yes,Unknown
Leonardo,good,Male,blue,Mutant,No Hair,IDW Publishing,green,-99.0,-99.0,no,Unknown
Lex Luthor,bad,Male,green,Human,No Hair,DC Comics,-,188.0,95.0,no,Unknown
Light Lass,good,Female,blue,-,Red,DC Comics,-,165.0,54.0,no,Unknown
Lightning Lad,good,Male,blue,-,Red,DC Comics,-,155.0,65.0,no,Unknown
Lightning Lord,bad,Male,blue,-,Red,DC Comics,-,191.0,95.0,no,Unknown
Living Brain,bad,-,yellow,-,-,Marvel Comics,-,198.0,360.0,yes,Unknown
Living Tribunal,neutral,-,blue,Cosmic Entity,No Hair,Marvel Comics,gold,-99.0,-99.0,no,Unknown
Liz Sherman,good,Female,-,-,-,Dark Horse Comics,-,-99.0,-99.0,no,Unknown
Lizard,bad,Male,red,Human,No Hair,Marvel Comics,-,203.0,230.0,no,Unknown
Lobo,neutral,Male,red,Czarnian,Black,DC Comics,blue-white,229.0,288.0,yes,Unknown
Loki,bad,Male,green,Asgardian,Black,Marvel Comics,-,193.0,236.0,yes,Unknown
Longshot,good,Male,blue,Human,Blond,Marvel Comics,-,188.0,36.0,no,Unknown
Luke Cage,good,Male,brown,Human,Black,Marvel Comics,-,198.0,191.0,no,Unknown
Luke Campbell,bad,Male,-,-,-,NBC - Heroes,-,-99.0,-99.0,yes,Unknown
Luke Skywalker,good,Male,blue,Human,Blond,George Lucas,-,168.0,77.0,no,Unknown
Luna,good,Female,-,Human,-,Marvel Comics,-,-99.0,-99.0,no,Unknown
Lyja,good,Female,green,-,Green,Marvel Comics,-,-99.0,-99.0,no,Unknown
Mach-IV,bad,Male,brown,-,Brown,Marvel Comics,-,180.0,79.0,yes,Unknown
Machine Man,good,-,red,-,Black,Marvel Comics,-,183.0,383.0,yes,Unknown
Magneto,bad,Male,grey,Mutant,White,Marvel Comics,-,188.0,86.0,yes,Unknown
Magog,good,Male,blue,-,Blond,DC Comics,-,-99.0,-99.0,no,Unknown
Magus,bad,Male,black,-,-,Marvel Comics,-,183.0,-99.0,yes,Unknown
Man of Miracles,-,-,blue,God / Eternal,Silver,Image Comics,-,-99.0,-99.0,yes,Unknown
Man-Bat,neutral,Male,brown,Human,Brown,DC Comics,-,-99.0,-99.0,yes,Unknown
Man-Thing,good,Male,red,-,No Hair,Marvel Comics,green,213.0,225.0,yes,Unknown
Man-Wolf,good,Male,brown,-,Auburn,Marvel Comics,-,188.0,90.0,yes,Unknown
Mandarin,bad,Male,blue,Human,White,Marvel Comics,-,188.0,97.0,yes,Unknown
Mantis,good,Female,green,Human-Kree,Black,Marvel Comics,green,168.0,52.0,no,Unknown
Martian Manhunter,good,Male,red,Martian,No Hair,DC Comics,green,201.0,135.0,no,Unknown
Marvel Girl,good,Female,green,-,Red,Marvel Comics,-,170.0,56.0,no,Unknown
Master Brood,good,Male,blue,-,Black,Team Epic TV,-,183.0,81.0,yes,Unknown
Master Chief,good,Male,brown,Human / Altered,Brown,Microsoft,-,213.0,-99.0,yes,Unknown
Match,bad,Male,black,-,Black,DC Comics,-,-99.0,-99.0,no,Unknown
Matt Parkman,good,Male,-,-,-,NBC - Heroes,-,-99.0,-99.0,no,Unknown
Maverick,good,Male,blue,-,Black,Marvel Comics,-,193.0,110.0,no,Unknown
Maxima,bad,Female,brown,-,Red,DC Comics,-,180.0,72.0,yes,Unknown
Maya Herrera,good,Female,-,-,-,NBC - Heroes,-,-99.0,-99.0,no,Unknown
Medusa,good,Female,green,Inhuman,Red,Marvel Comics,-,180.0,59.0,yes,Unknown
Meltdown,good,Female,blue,-,Blond,Marvel Comics,-,165.0,54.0,no,Unknown
Mephisto,bad,Male,white,-,Black,Marvel Comics,-,198.0,140.0,yes,Unknown
Mera,good,Female,blue,Atlantean,Red,DC Comics,-,175.0,72.0,no,Unknown
Metallo,bad,Male,green,Android,Brown,DC Comics,-,196.0,90.0,no,Unknown
Metamorpho,good,Male,black,-,No Hair,DC Comics,-,185.0,90.0,no,Unknown
Meteorite,good,Female,-,-,-,Marvel Comics,-,-99.0,-99.0,yes,Unknown
Metron,good,Male,blue,-,Black,DC Comics,-,185.0,86.0,no,Unknown
Micah Sanders,good,Male,brown,-,Black,NBC - Heroes,-,-99.0,-99.0,yes,Unknown
Michelangelo,good,Male,blue,Mutant,-,IDW Publishing,green,-99.0,-99.0,yes,Unknown
Micro Lad,good,Male,grey,-,Brown,DC Comics,-,183.0,77.0,no,Unknown
Mimic,good,Male,brown,-,Brown,Marvel Comics,-,188.0,101.0,yes,Unknown
Minna Murray,good,Female,-,-,-,Wildstorm,-,-99.0,-99.0,no,Unknown
Misfit,good,Female,blue,-,Red,DC Comics,-,-99.0,-99.0,yes,Unknown
Miss Martian,good,Female,red,-,Red,DC Comics,-,178.0,61.0,yes,Unknown
Mister Fantastic,good,Male,brown,Human / Radiation,Brown,Marvel Comics,-,185.0,81.0,no,Unknown
Mister Freeze,bad,Male,-,Human,-,DC Comics,-,183.0,86.0,yes,Unknown
Mister Knife,bad,Male,blue,Spartoi,Brown,Marvel Comics,-,-99.0,-99.0,yes,Unknown
Mister Mxyzptlk,bad,Male,-,God / Eternal,-,DC Comics,-,-99.0,-99.0,yes,Unknown
Mister Sinister,bad,Male,red,Human / Altered,Black,Marvel Comics,-,196.0,128.0,yes,Unknown
Mister Zsasz,bad,Male,blue,Human,Blond,DC Comics,-,-99.0,-99.0,yes,Unknown
Mockingbird,good,Female,blue,Human,Blond,Marvel Comics,-,175.0,61.0,yes,Unknown
MODOK,bad,Male,white,Cyborg,Brownn,Marvel Comics,-,366.0,338.0,yes,Unknown
Mogo,good,Male,-,Planet,-,DC Comics,-,-99.0,-99.0,yes,Unknown
Mohinder Suresh,good,Male,-,-,-,NBC - Heroes,-,-99.0,-99.0,yes,Unknown
Moloch,bad,Male,-,-,-,DC Comics,-,-99.0,-99.0,no,Unknown
Molten Man,bad,Male,gold,-,Gold,Marvel Comics,-,196.0,248.0,yes,Unknown
Monarch,good,Male,blue,-,White,DC Comics,-,193.0,90.0,no,Unknown
Monica Dawson,good,Female,-,-,-,NBC - Heroes,-,-99.0,-99.0,no,Unknown
Moon Knight,good,Male,brown,Human,Brown,Marvel Comics,-,188.0,101.0,yes,Unknown
Moonstone,bad,Female,blue,-,Blond,Marvel Comics,-,180.0,59.0,no,Unknown
Morlun,bad,Male,white / red,-,Black,Marvel Comics,-,188.0,79.0,no,Unknown
Morph,good,Male,white,-,No Hair,Marvel Comics,-,178.0,79.0,no,Unknown
Moses Magnum,bad,Male,brown,-,Black,Marvel Comics,-,175.0,72.0,yes,Unknown
Mr Immortal,good,Male,blue,Mutant,Blond,Marvel Comics,-,188.0,70.0,yes,Unknown
Mr Incredible,good,Male,blue,Human,Blond,Dark Horse Comics,-,201.0,158.0,no,Unknown
Ms Marvel II,good,Female,blue,-,Red,Marvel Comics,-,173.0,61.0,no,Unknown
Multiple Man,good,Male,blue,-,Brown,Marvel Comics,-,180.0,70.0,no,Unknown
Mysterio,bad,Male,brown,Human,No Hair,Marvel Comics,-,180.0,79.0,no,Unknown
Mystique,bad,Female,yellow (without irises),Mutant,Red / Orange,Marvel Comics,blue,178.0,54.0,yes,Unknown
Namor,good,Male,-,-,-,Marvel Comics,-,-99.0,-99.0,no,Unknown
Namor,good,Male,grey,Atlantean,Black,Marvel Comics,-,188.0,125.0,yes,Unknown
Namora,good,Female,blue,-,Blond,Marvel Comics,-,180.0,85.0,no,Unknown
Namorita,good,Female,blue,-,Blond,Marvel Comics,-,168.0,101.0,yes,Unknown
Naruto Uzumaki,good,Male,-,Human,-,Shueisha,-,168.0,54.0,yes,Unknown
Nathan Petrelli,good,Male,brown,-,-,NBC - Heroes,-,-99.0,-99.0,yes,Unknown
Nebula,bad,Female,blue,Luphomoid,No Hair,Marvel Comics,blue,185.0,83.0,yes,Unknown
Negasonic Teenage Warhead,good,Female,black,Mutant,Black,Marvel Comics,-,-99.0,-99.0,no,Unknown
Nick Fury,good,Male,brown,Human,Brown / White,Marvel Comics,-,185.0,99.0,no,Unknown
Nightcrawler,good,Male,yellow,-,Indigo,Marvel Comics,-,175.0,88.0,no,Unknown
Nightwing,good,Male,blue,Human,Black,DC Comics,-,178.0,79.0,no,Unknown
Niki Sanders,good,Female,blue,-,Blond,NBC - Heroes,-,-99.0,-99.0,no,Unknown
Nina Theroux,good,Female,-,Alpha,-,SyFy,-,-99.0,-99.0,yes,Unknown
Nite Owl II,good,Male,-,-,-,DC Comics,-,-99.0,-99.0,no,Unknown
Northstar,good,Male,blue,-,Black,Marvel Comics,-,180.0,83.0,yes,Unknown
Nova,good,Male,brown,Human,Brown,Marvel Comics,-,185.0,86.0,no,Unknown
Nova,good,Female,white,Human / Cosmic,Red,Marvel Comics,gold,163.0,59.0,yes,Unknown
Odin,good,Male,blue,God / Eternal,White,Marvel Comics,-,206.0,293.0,no,Unknown
Offspring,good,Male,-,-,-,DC Comics,-,-99.0,-99.0,yes,Unknown
Omega Red,bad,Male,red,-,Blond,Marvel Comics,-,211.0,191.0,no,Unknown
Omniscient,good,Male,brown,-,Black,Team Epic TV,-,180.0,65.0,no,Unknown
One Punch Man,good,Male,-,Human,No Hair,Shueisha,-,175.0,69.0,yes,Unknown
One-Above-All,neutral,-,-,Cosmic Entity,-,Marvel Comics,-,-99.0,-99.0,yes,Unknown
Onslaught,bad,Male,red,Mutant,No Hair,Marvel Comics,-,305.0,405.0,yes,Unknown
Oracle,good,Female,blue,Human,Red,DC Comics,-,178.0,59.0,no,Unknown
Osiris,good,Male,brown,-,Brown,DC Comics,-,-99.0,-99.0,no,Unknown
Overtkill,bad,Male,-,-,-,Image Comics,-,-99.0,-99.0,no,Unknown
Ozymandias,bad,Male,blue,Human,Blond,DC Comics,-,-99.0,-99.0,yes,Unknown
Parademon,bad,-,-,Parademon,-,DC Comics,-,-99.0,-99.0,yes,Unknown
Paul Blart,good,Male,-,Human,-,Sony Pictures,-,170.0,117.0,no,Unknown
Penance,good,-,-,-,-,Marvel Comics,-,-99.0,-99.0,yes,Unknown
Penance I,good,Female,-,-,-,Marvel Comics,-,-99.0,-99.0,yes,Unknown
Penance II,good,Male,blue,-,Blond,Marvel Comics,-,183.0,89.0,no,Unknown
Penguin,bad,Male,blue,Human,Black,DC Comics,-,157.0,79.0,yes,Unknown
Peter Petrelli,good,Male,-,-,-,NBC - Heroes,-,-99.0,-99.0,yes,Unknown
Phantom,good,Male,-,-,-,DC Comics,-,-99.0,-99.0,yes,Unknown
Phantom Girl,good,Female,blue,-,Black,DC Comics,-,168.0,54.0,no,Unknown
Phoenix,good,Female,green,Mutant,Red,Marvel Comics,-,168.0,52.0,yes,Unknown
Plantman,bad,Male,green,Mutant,Grey,Marvel Comics,-,183.0,87.0,no,Unknown
Plastic Lad,good,Male,-,-,-,DC Comics,-,-99.0,-99.0,yes,Unknown
Plastic Man,good,Male,blue,Human,Black,DC Comics,-,185.0,80.0,no,Unknown
Plastique,bad,Female,blue,-,Red,DC Comics,-,168.0,55.0,yes,Unknown
Poison Ivy,bad,Female,green,Human,Red,DC Comics,green,168.0,50.0,no,Unknown
Polaris,good,Female,green,Mutant,Green,Marvel Comics,-,170.0,52.0,no,Unknown
Power Girl,good,Female,blue,Kryptonian,blond,DC Comics,-,180.0,81.0,yes,Unknown
Power Man,good,Male,-,Mutant,-,Marvel Comics,-,-99.0,-99.0,yes,Unknown
Predator,bad,Male,-,Yautja,-,Dark Horse Comics,-,213.0,234.0,no,Unknown
Professor X,good,Male,blue,Mutant,No Hair,Marvel Comics,-,183.0,86.0,yes,Unknown
Professor Zoom,bad,Male,blue,Human,Strawberry Blond,DC Comics,-,180.0,81.0,no,Unknown
Proto-Goblin,bad,Male,green,-,Blond,Marvel Comics,-,-99.0,-99.0,yes,Unknown
Psylocke,good,Female,blue,Mutant,Purple,Marvel Comics,-,180.0,70.0,no,Unknown
Punisher,good,Male,blue,Human,Black,Marvel Comics,-,183.0,90.0,yes,Unknown
Purple Man,bad,Male,purple,Human,Purple,Marvel Comics,purple,180.0,74.0,yes,Unknown
Pyro,bad,Male,blue,-,Blond,Marvel Comics,-,178.0,68.0,yes,Unknown
Q,-,Male,-,God / Eternal,-,Star Trek,-,-99.0,-99.0,yes,Unknown
Quantum,good,Male,-,-,-,HarperCollins,-,-99.0,-99.0,no,Unknown
Question,good,Male,blue,Human,Blond,DC Comics,-,188.0,83.0,no,Unknown
Quicksilver,good,Male,blue,Mutant,Silver,Marvel Comics,-,183.0,79.0,yes,Unknown
Quill,good,Male,brown,-,Brown,Marvel Comics,-,163.0,56.0,no,Unknown
Ra's Al Ghul,bad,Male,green,Human,Grey,DC Comics,-,193.0,97.0,yes,Unknown
Rachel Pirzad,good,Female,-,Alpha,-,SyFy,-,-99.0,-99.0,no,Unknown
Rambo,good,Male,brown,Human,Black,,-,178.0,83.0,no,Unknown
Raphael,good,Male,-,Mutant,No Hair,IDW Publishing,green,-99.0,-99.0,yes,Unknown
Raven,neutral,Female,indigo,Human,Black,DC Comics,-,165.0,50.0,no,Unknown
Ray,good,Male,green,Human,Red,DC Comics,-,178.0,70.0,yes,Unknown
Razor-Fist II,bad,Male,blue,-,No Hair,Marvel Comics,-,191.0,117.0,yes,Unknown
Red Arrow,good,Male,green,Human,Red,DC Comics,-,180.0,83.0,yes,Unknown
Red Hood,neutral,Male,blue,Human,Black,DC Comics,-,183.0,81.0,yes,Unknown
Red Hulk,neutral,Male,yellow,Human / Radiation,Black,Marvel Comics,red,213.0,630.0,yes,Unknown
Red Mist,bad,Male,-,-,-,Icon Comics,-,-99.0,-99.0,no,Unknown
Red Robin,good,Male,blue,Human,Black,DC Comics,-,165.0,56.0,no,Unknown
Red Skull,bad,Male,blue,-,No Hair,Marvel Comics,-,188.0,108.0,yes,Unknown
Red Tornado,good,Male,green,Android,No Hair,DC Comics,-,185.0,146.0,yes,Unknown
Redeemer II,bad,Male,-,-,-,Image Comics,-,-99.0,-99.0,yes,Unknown
Redeemer III,bad,Male,-,-,-,Image Comics,-,-99.0,-99.0,yes,Unknown
Renata Soliz,good,Female,-,-,-,HarperCollins,-,-99.0,-99.0,no,Unknown
Rey,good,Female,hazel,Human,Brown,George Lucas,-,297.0,-99.0,no,Unknown
Rhino,bad,Male,brown,Human / Radiation,Brown,Marvel Comics,-,196.0,320.0,yes,Unknown
Rick Flag,bad,Male,blue,-,Brown,DC Comics,-,185.0,85.0,yes,Unknown
Riddler,bad,Male,-,-,-,DC Comics,-,-99.0,-99.0,no,Unknown
Rip Hunter,good,Male,blue,Human,Blond,DC Comics,-,-99.0,-99.0,yes,Unknown
Ripcord,good,Female,green,-,Black,Marvel Comics,-,180.0,72.0,no,Unknown
Robin,good,Male,blue,Human,Black,DC Comics,-,178.0,79.0,no,Unknown
Robin II,good,Male,blue,Human,Red,DC Comics,-,183.0,101.0,no,Unknown
Robin III,good,Male,blue,Human,Black,DC Comics,-,165.0,56.0,no,Unknown
Robin V,good,Male,blue,Human,Black,DC Comics,-,137.0,38.0,no,Unknown
Robin VI,neutral,Female,green,Human,Red,DC Comics,-,-99.0,-99.0,no,Unknown
Rocket Raccoon,good,Male,brown,Animal,Brown,Marvel Comics,-,122.0,25.0,no,Unknown
Rogue,good,Female,green,-,Brown / White,Marvel Comics,-,173.0,54.0,no,Unknown
Ronin,good,Male,blue,Human,Blond,Marvel Comics,-,191.0,104.0,no,Unknown
Rorschach,good,Male,blue,Human,Red,DC Comics,-,168.0,63.0,no,Unknown
Sabretooth,bad,Male,amber,Mutant,Blond,Marvel Comics,-,198.0,171.0,no,Unknown
Sage,good,Female,blue,-,Black,Marvel Comics,-,170.0,61.0,yes,Unknown
Sandman,neutral,Male,brown,Human,Brown,Marvel Comics,-,185.0,203.0,yes,Unknown
Sasquatch,good,Male,red,-,Orange,Marvel Comics,-,305.0,900.0,no,Unknown
Sauron,bad,Male,-,Maiar,-,J. R. R. Tolkien,-,279.0,-99.0,no,Unknown
Savage Dragon,good,Male,-,-,-,Image Comics,-,-99.0,-99.0,no,Unknown
Scarecrow,bad,Male,blue,Human,Brown,DC Comics,-,183.0,63.0,no,Unknown
Scarlet Spider,good,Male,blue,Human,Blond,Marvel Comics,-,178.0,74.0,yes,Unknown
Scarlet Spider II,good,Male,brown,Clone,Brown,Marvel Comics,-,193.0,113.0,yes,Unknown
Scarlet Witch,bad,Female,blue,Mutant,Brown,Marvel Comics,-,170.0,59.0,no,Unknown
Scorpia,bad,Female,green,-,Red,Marvel Comics,-,-99.0,-99.0,yes,Unknown
Scorpion,bad,Male,brown,Human,Brown,Marvel Comics,-,211.0,310.0,yes,Unknown
Sebastian Shaw,bad,Male,-,Mutant,-,Marvel Comics,-,-99.0,-99.0,no,Unknown
Sentry,neutral,Male,blue,Mutant,Blond,Marvel Comics,-,188.0,87.0,yes,Unknown
Shadow King,good,-,red,-,-,Marvel Comics,-,185.0,149.0,no,Unknown
Shadow Lass,good,Female,black,Talokite,Black,DC Comics,blue,173.0,54.0,yes,Unknown
Shadowcat,good,Female,hazel,Mutant,Brown,Marvel Comics,-,168.0,50.0,no,Unknown
Shang-Chi,good,Male,brown,Human,Black,Marvel Comics,-,178.0,79.0,yes,Unknown
Shatterstar,good,Male,brown,-,Red,Marvel Comics,-,191.0,88.0,yes,Unknown
She-Hulk,good,Female,green,Human,Green,Marvel Comics,-,201.0,315.0,no,Unknown
She-Thing,good,Female,blue,Human / Radiation,No Hair,Marvel Comics,-,183.0,153.0,yes,Unknown
Shocker,bad,Male,brown,Human,Brown,Marvel Comics,-,175.0,79.0,yes,Unknown
Shriek,good,Female,yellow / blue,-,Black,Marvel Comics,-,173.0,52.0,yes,Unknown
Shrinking Violet,good,Female,-,-,-,DC Comics,-,-99.0,-99.0,yes,Unknown
Sif,good,Female,blue,Asgardian,Black,Marvel Comics,-,188.0,191.0,yes,Unknown
Silk,good,Female,brown,Human,Black,Marvel Comics,-,-99.0,-99.0,no,Unknown
Silk Spectre,good,Female,-,-,-,DC Comics,-,-99.0,-99.0,yes,Unknown
Silk Spectre II,good,Female,-,-,-,DC Comics,-,-99.0,-99.0,no,Unknown
Silver Surfer,good,Male,white,Alien,No Hair,Marvel Comics,silver,193.0,101.0,yes,Unknown
Silverclaw,good,Female,brown,-,Black,Marvel Comics,-,157.0,50.0,yes,Unknown
Simon Baz,good,Male,bown,Human,Black,DC Comics,-,-99.0,-99.0,no,Unknown
Sinestro,neutral,Male,black,Korugaran,Black,DC Comics,red,201.0,92.0,no,Unknown
Siren,bad,Female,blue,Atlantean,Purple,DC Comics,-,175.0,72.0,no,Unknown
Siren II,bad,Female,black,-,-,DC Comics,-,-99.0,-99.0,no,Unknown
Siryn,bad,Female,blue,-,Strawberry Blond,Marvel Comics,-,168.0,52.0,yes,Unknown
Skaar,good,Male,green,-,Black,Marvel Comics,-,198.0,180.0,yes,Unknown
Snake-Eyes,bad,Male,-,Animal,-,Marvel Comics,-,-99.0,-99.0,no,Unknown
Snowbird,good,Female,white,-,Blond,Marvel Comics,-,178.0,49.0,yes,Unknown
Sobek,good,Male,white,-,No Hair,DC Comics,-,-99.0,-99.0,no,Unknown
Solomon Grundy,bad,Male,black,Zombie,White,DC Comics,-,279.0,437.0,no,Unknown
Songbird,good,Female,green,-,Red / White,Marvel Comics,-,165.0,65.0,no,Unknown
Space Ghost,good,Male,-,Human,-,DC Comics,-,188.0,113.0,no,Unknown
Spawn,good,Male,brown,Demon,Black,Image Comics,-,211.0,405.0,yes,Unknown
Spectre,good,Male,white,God / Eternal,No Hair,DC Comics,white,-99.0,-99.0,yes,Unknown
Speedball,good,Male,-,-,-,Marvel Comics,-,-99.0,-99.0,no,Unknown
Speedy,good,Male,-,Human,-,DC Comics,-,-99.0,-99.0,yes,Unknown
Speedy,good,Female,green,Human,Brown,DC Comics,-,-99.0,-99.0,yes,Unknown
Spider-Carnage,bad,Male,-,Symbiote,-,Marvel Comics,-,-99.0,-99.0,no,Unknown
Spider-Girl,good,Female,blue,Human,Brown,Marvel Comics,-,170.0,54.0,no,Unknown
Spider-Gwen,good,Female,blue,Human,Blond,Marvel Comics,-,165.0,56.0,no,Unknown
Spider-Man,good,Male,hazel,Human,Brown,Marvel Comics,-,178.0,74.0,yes,Unknown
Spider-Man,good,-,red,Human,Brown,Marvel Comics,-,178.0,77.0,yes,Unknown
Spider-Man,good,Male,brown,Human,Black,Marvel Comics,-,157.0,56.0,yes,Unknown
Spider-Woman,good,Female,green,Human,Black,Marvel Comics,-,178.0,59.0,no,Unknown
Spider-Woman II,good,Female,-,-,-,Marvel Comics,-,-99.0,-99.0,no,Unknown
Spider-Woman III,good,Female,brown,-,Brown,Marvel Comics,-,173.0,55.0,yes,Unknown
Spider-Woman IV,bad,Female,red,-,White,Marvel Comics,-,178.0,58.0,no,Unknown
Spock,good,Male,brown,Human-Vulcan,Black,Star Trek,-,185.0,81.0,yes,Unknown
Spyke,good,Male,brown,Mutant,Blond,Marvel Comics,-,183.0,83.0,yes,Unknown
Stacy X,good,Female,-,-,-,Marvel Comics,-,-99.0,-99.0,yes,Unknown
Star-Lord,good,Male,blue,Human-Spartoi,Blond,Marvel Comics,-,188.0,79.0,no,Unknown
Stardust,good,Male,-,-,-,Marvel Comics,-,-99.0,-99.0,no,Unknown
Starfire,good,Female,green,Tamaranean,Auburn,DC Comics,orange,193.0,71.0,yes,Unknown
Stargirl,good,Female,blue,Human,Blond,DC Comics,-,165.0,62.0,no,Unknown
Static,good,Male,brown,Mutant,Black,DC Comics,-,170.0,63.0,yes,Unknown
Steel,good,Male,brown,-,No Hair,DC Comics,-,201.0,131.0,no,Unknown
Stephanie Powell,good,Female,-,-,Blond,ABC Studios,-,-99.0,-99.0,yes,Unknown
Steppenwolf,bad,Male,red,New God,Black,DC Comics,white,183.0,91.0,yes,Unknown
Storm,good,Female,blue,Mutant,White,Marvel Comics,-,180.0,57.0,no,Unknown
Stormtrooper,bad,Male,-,Human,-,George Lucas,-,183.0,-99.0,yes,Unknown
Sunspot,good,Male,brown,Mutant,black,Marvel Comics,-,173.0,77.0,yes,Unknown
Superboy,good,Male,blue,-,Black,DC Comics,-,170.0,68.0,yes,Unknown
Superboy-Prime,bad,Male,blue,Kryptonian,Black / Blue,DC Comics,-,180.0,77.0,yes,Unknown
Supergirl,good,Female,blue,Kryptonian,Blond,DC Comics,-,165.0,54.0,yes,Unknown
Superman,good,Male,blue,Kryptonian,Black,DC Comics,-,191.0,101.0,no,Unknown
Swamp Thing,bad,Male,red,God / Eternal,No Hair,DC Comics,green,-99.0,-99.0,no,Unknown
Swarm,bad,Male,yellow,Mutant,No Hair,Marvel Comics,yellow,196.0,47.0,no,Unknown
Sylar,bad,Male,-,-,-,NBC - Heroes,-,-99.0,-99.0,no,Unknown
Synch,good,Male,brown,-,Black,Marvel Comics,-,180.0,74.0,no,Unknown
T-1000,bad,Male,-,Android,-,Dark Horse Comics,silver,183.0,146.0,no,Unknown
T-800,bad,Male,red,Cyborg,-,Dark Horse Comics,-,-99.0,176.0,no,Unknown
T-850,bad,Male,red,Cyborg,-,Dark Horse Comics,-,-99.0,198.0,no,Unknown
T-X,bad,Female,-,Cyborg,-,Dark Horse Comics,silver,-99.0,149.0,yes,Unknown
Taskmaster,bad,Male,brown,Human,Brown,Marvel Comics,-,188.0,99.0,yes,Unknown
Tempest,good,Female,brown,-,Black,Marvel Comics,-,163.0,54.0,yes,Unknown
Thanos,bad,Male,red,Eternal,No Hair,Marvel Comics,purple,201.0,443.0,yes,Unknown
The Cape,good,Male,-,-,-,,-,-99.0,-99.0,no,Unknown
The Comedian,neutral,Male,brown,Human,Black,DC Comics,-,188.0,101.0,no,Unknown
Thing,good,Male,blue,Human / Radiation,No Hair,Marvel Comics,-,183.0,225.0,no,Unknown
Thor,good,Male,blue,Asgardian,Blond,Marvel Comics,-,198.0,288.0,no,Unknown
Thor Girl,good,Female,blue,Asgardian,Blond,Marvel Comics,-,175.0,143.0,yes,Unknown
Thunderbird,good,Male,brown,-,Black,Marvel Comics,-,185.0,101.0,no,Unknown
Thunderbird II,good,Male,-,-,-,Marvel Comics,-,-99.0,-99.0,yes,Unknown
Thunderbird III,good,Male,brown,-,Black,Marvel Comics,-,175.0,74.0,yes,Unknown
Thunderstrike,good,Male,blue,-,Blond,Marvel Comics,-,198.0,288.0,no,Unknown
Thundra,good,Female,green,-,Red,Marvel Comics,-,218.0,158.0,no,Unknown
Tiger Shark,bad,Male,grey,Human,No Hair,Marvel Comics,grey,185.0,203.0,no,Unknown
Tigra,good,Female,green,-,Auburn,Marvel Comics,-,178.0,81.0,yes,Unknown
Tinkerer,bad,Male,brown,-,White,Marvel Comics,-,163.0,54.0,no,Unknown
Titan,good,Male,-,-,-,HarperCollins,-,-99.0,-99.0,no,Unknown
Toad,neutral,Male,black,Mutant,Brown,Marvel Comics,green,175.0,76.0,no,Unknown
Toxin,good,Male,blue,Symbiote,Brown,Marvel Comics,-,188.0,97.0,yes,Unknown
Toxin,good,Male,black,Symbiote,Blond,Marvel Comics,-,191.0,117.0,no,Unknown
Tracy Strauss,good,Female,-,-,-,NBC - Heroes,-,-99.0,-99.0,no,Unknown
Trickster,-,Male,blue,Human,Blond,DC Comics,-,183.0,81.0,no,Unknown
Trigon,bad,Male,yellow,God / Eternal,Black,DC Comics,red,-99.0,-99.0,no,Unknown
Triplicate Girl,good,Female,purple,-,Brown,DC Comics,-,168.0,59.0,no,Unknown
Triton,good,Male,green,Inhuman,No Hair,Marvel Comics,green,188.0,86.0,yes,Unknown
Two-Face,bad,Male,-,-,-,DC Comics,-,183.0,82.0,yes,Unknown
Ultragirl,good,Female,blue,-,Blond,Marvel Comics,-,168.0,105.0,no,Unknown
Ultron,bad,Male,red,Android,-,Marvel Comics,silver,206.0,331.0,yes,Unknown
Utgard-Loki,bad,Male,blue,Frost Giant,White,Marvel Comics,-,15.2,58.0,yes,Unknown
Vagabond,good,Female,blue,-,Strawberry Blond,Marvel Comics,-,168.0,54.0,yes,Unknown
Valerie Hart,good,Female,hazel,-,Black,Team Epic TV,-,175.0,56.0,no,Unknown
Valkyrie,good,Female,blue,-,Blond,Marvel Comics,-,191.0,214.0,yes,Unknown
Vanisher,bad,Male,green,-,No Hair,Marvel Comics,-,165.0,79.0,no,Unknown
Vegeta,bad,Male,-,Saiyan,Black,Shueisha,-,168.0,73.0,yes,Unknown
Venom,bad,Male,blue,Symbiote,Strawberry Blond,Marvel Comics,-,191.0,117.0,no,Unknown
Venom II,bad,Male,brown,-,Black,Marvel Comics,-,175.0,50.0,yes,Unknown
Venom III,bad,Male,brown,Symbiote,Brown,Marvel Comics,-,229.0,334.0,no,Unknown
Venompool,-,Male,-,Symbiote,-,Marvel Comics,-,226.0,-99.0,no,Unknown
Vertigo II,good,Female,blue,-,Silver,Marvel Comics,-,168.0,52.0,yes,Unknown
Vibe,good,Male,brown,Human,Black,DC Comics,-,178.0,71.0,no,Unknown
Vindicator,good,Female,green,Human,Red,Marvel Comics,-,165.0,54.0,yes,Unknown
Vindicator,good,Male,-,-,-,Marvel Comics,-,-99.0,-99.0,yes,Unknown
Violator,bad,Male,-,-,-,Image Comics,-,-99.0,-99.0,yes,Unknown
Violet Parr,good,Female,violet,Human,Black,Dark Horse Comics,-,137.0,41.0,no,Unknown
Vision,good,Male,gold,Android,No Hair,Marvel Comics,red,191.0,135.0,yes,Unknown
Vision II,good,-,red,-,No Hair,Marvel Comics,-,191.0,135.0,no,Unknown
Vixen,good,Female,amber,Human,Black,DC Comics,-,175.0,63.0,yes,Unknown
Vulcan,good,Male,black,-,Black,Marvel Comics,-,-99.0,-99.0,no,Unknown
Vulture,bad,Male,brown,Human,No Hair,Marvel Comics,-,180.0,79.0,no,Unknown
Walrus,bad,Male,blue,Human,Black,Marvel Comics,-,183.0,162.0,yes,Unknown
War Machine,good,Male,brown,Human,Brown,Marvel Comics,-,185.0,95.0,no,Unknown
Warbird,good,Female,blue,-,Blond,Marvel Comics,-,180.0,54.0,no,Unknown
Warlock,good,Male,red,-,Blond,Marvel Comics,-,188.0,108.0,yes,Unknown
Warp,bad,Male,brown,-,Black,DC Comics,-,173.0,67.0,no,Unknown
Warpath,good,Male,brown,Mutant,Black,Marvel Comics,-,218.0,158.0,no,Unknown
Wasp,good,Female,blue,Human,Auburn,Marvel Comics,-,163.0,50.0,no,Unknown
Watcher,good,Male,-,-,-,Marvel Comics,-,-99.0,-99.0,no,Unknown
Weapon XI,bad,Male,-,-,-,Marvel Comics,-,-99.0,-99.0,no,Unknown
White Canary,bad,Female,brown,Human,Black,DC Comics,-,-99.0,-99.0,yes,Unknown
White Queen,good,Female,blue,-,Blond,Marvel Comics,-,178.0,65.0,yes,Unknown
Wildfire,good,Male,-,-,-,DC Comics,-,-99.0,-99.0,no,Unknown
Winter Soldier,good,Male,brown,Human,Brown,Marvel Comics,-,175.0,117.0,no,Unknown
Wiz Kid,good,-,brown,-,Black,Marvel Comics,-,140.0,39.0,no,Unknown
Wolfsbane,good,Female,green,-,Auburn,Marvel Comics,-,366.0,473.0,no,Unknown
Wolverine,good,Male,blue,Mutant,Black,Marvel Comics,-,160.0,135.0,yes,Unknown
Wonder Girl,good,Female,blue,Demi-God,Blond,DC Comics,-,165.0,51.0,no,Unknown
Wonder Man,good,Male,red,-,Black,Marvel Comics,-,188.0,171.0,yes,Unknown
Wonder Woman,good,Female,blue,Amazon,Black,DC Comics,-,183.0,74.0,yes,Unknown
Wondra,good,Female,-,-,-,Marvel Comics,-,-99.0,-99.0,no,Unknown
Wyatt Wingfoot,good,Male,brown,-,Black,Marvel Comics,-,196.0,117.0,yes,Unknown
X-23,good,Female,green,Mutant / Clone,Black,Marvel Comics,-,155.0,50.0,no,Unknown
X-Man,good,Male,blue,-,Brown,Marvel Comics,-,175.0,61.0,yes,Unknown
Yellow Claw,bad,Male,blue,-,No Hair,Marvel Comics,-,188.0,95.0,no,Unknown
Yellowjacket,good,Male,blue,Human,Blond,Marvel Comics,-,183.0,83.0,no,Unknown
Yellowjacket II,good,Female,blue,Human,Strawberry Blond,Marvel Comics,-,165.0,52.0,yes,Unknown
Ymir,good,Male,white,Frost Giant,No Hair,Marvel Comics,white,304.8,-99.0,no,Unknown
Yoda,good,Male,brown,Yoda's species,White,George Lucas,green,66.0,17.0,no,Unknown
Zatanna,good,Female,blue,Human,Black,DC Comics,-,170.0,57.0,yes,Unknown
Zoom,bad,Male,red,-,Brown,DC Comics,-,185.0,81.0,no,Unknown
